frame,t,area,cx,cy,bw,bh,px
0,0.0,0.023703866432337434,0.3286861387859129,0.6382866873740738,0.45625,0.335676625659051,4316
1,0.0333,0.02398396309314587,0.33393419395465995,0.6376421982571796,0.459375,0.3391915641476274,4367
2,0.0667,0.024511203866432338,0.33529436477705576,0.6395475077841751,0.4625,0.3444639718804921,4463
3,0.1,0.025433875219683655,0.33343567803930035,0.6419331933986555,0.46875,0.34973637961335674,4631
4,0.1333,0.02703207381370826,0.3287637139374238,0.6460634759899422,0.475,0.3585237258347979,4922
5,0.1667,0.019722100175746923,0.23694566276803117,0.14521315982790406,0.59375,0.4727592267135325,3591
6,0.2,0.02131480667838313,0.2194038263334192,0.1305730364096366,0.65,0.4727592267135325,3881
7,0.2333,0.02015597539543058,0.20975732288828336,0.12596936161246605,0.696875,0.4710017574692443,3670
8,0.2667,0.018881810193321618,0.20401487056428155,0.12313479758432325,0.75,0.4710017574692443,3438
9,0.3,0.016377416520210897,0.2201228202548625,0.13422833427041453,0.78125,0.4710017574692443,2982
10,0.3333,0.013686291739894552,0.24989340890850725,0.15325949893790183,0.7875,0.4710017574692443,2492
11,0.3667,0.011533391915641476,0.29125744047619045,0.17871035233073898,0.796875,0.46924428822495606,2100
12,0.4,0.010050527240773287,0.3275973360655738,0.20166815523351292,0.803125,0.46924428822495606,1830
13,0.4333,0.009473857644991212,0.3694076086956522,0.22639158452408242,0.80625,0.46924428822495606,1725
14,0.4667,0.008573154657293497,0.4052870755925689,0.24662889027244714,0.8125,0.46924428822495606,1561
15,0.5,0.008216168717047452,0.4311852439839572,0.26113220491903427,0.8125,0.46924428822495606,1496
16,0.5333,0.008056898066783832,0.43994333674164965,0.26803143078602126,0.815625,0.46924428822495606,1467
17,0.5667,0.007793277680140598,0.45046247357293867,0.2734963977453862,0.81875,0.46924428822495606,1419
18,0.6,0.007639499121265378,0.4622169302659957,0.2774552451802259,0.81875,0.46748681898066785,1391
19,0.6333,0.0075845782073813706,0.467238414192614,0.28068603658233954,0.81875,0.46748681898066785,1381
20,0.6667,0.012840509666080843,0.4979068648417451,0.5353553500581062,0.175,0.3321616871704745,2338
21,0.7,0.015674428822495607,0.5069595304835319,0.5490533435636845,0.1875,0.3602811950790861,2854
22,0.7333,0.01865663444639719,0.5153453414777746,0.5565150269570018,0.2,0.3866432337434095,3397
23,0.7667,0.021682776801405977,0.5192003862715299,0.5666547365309659,0.2,0.4077328646748682,3948
24,0.8,0.02391256590509666,0.5207567753789618,0.5746375471961624,0.2125,0.4235500878734622,4354
25,0.8333,0.025670035149384887,0.5184551508344031,0.5811045359551736,0.21875,0.43409490333919154,4674
26,0.8667,0.02696616871704745,0.5144030040733197,0.5851631654490853,0.225,0.44112478031634444,4910
27,0.9,0.028020650263620387,0.5081150774206193,0.5876481809745515,0.225,0.44639718804920914,5102
28,0.9333,0.02914652899824253,0.5024931693989071,0.5841070072587089,0.225,0.44815465729349735,5307
29,0.9667,0.029811072056239014,0.493904868275608,0.5892725087517307,0.2375,0.45342706502636204,5428
30,1.0,0.03171133567662566,0.4880736924142709,0.5923030517385066,0.24375,0.46045694200351495,5774
31,1.0333,0.034622144112478034,0.48299591529187813,0.5933571900118652,0.25,0.4710017574692443,6304
32,1.0667,0.04010325131810193,0.47951289030402633,0.6050960350319315,0.2625,0.4956063268892794,7302
33,1.1,0.05086225834797891,0.48214116996004747,0.617638000048961,0.30625,0.5342706502636204,9261
34,1.1333,0.07397297891036907,0.49436066151904373,0.6470176063996985,0.371875,0.6063268892794376,13469
35,1.1667,0.15110940246045695,0.44163119230210074,0.782711418491152,0.5375,0.4024604569420035,27514
36,1.2,0.17060632688927943,0.44739076986222,0.7768340501858626,0.58125,0.4165202108963093,31064
37,1.2333,0.1858853251318102,0.44711524256928437,0.77351078548999,0.61875,0.4270650263620387,33846
38,1.2667,0.19666630052724077,0.44105584489932703,0.7726072634634812,0.64375,0.4305799648506151,35809
39,1.3,0.2037675746924429,0.4315790759258261,0.7737750744420999,0.6625,0.4305799648506151,37102
40,1.3333,0.2100615114235501,0.4215544767046643,0.7777545784812393,0.6875,0.4288224956063269,38248
41,1.3667,0.21812390158172232,0.41379182823043614,0.7840471389041456,0.715625,0.421792618629174,39716
42,1.4,0.23288664323374342,0.41108953459579284,0.7937371694052141,0.75625,0.4147627416520211,42404
43,1.4333,0.2609347539543058,0.4162343325756141,0.808040087950773,0.825,0.4094903339191564,47511
44,1.4667,0.3022352811950791,0.44357731324162747,0.8199818609986849,0.9125,0.40597539543058,55031
45,1.5,0.0117146309314587,0.4768958040318799,0.577109066085952,0.34375,0.2741652021089631,2133
46,1.5333,0.01141256590509666,0.4907287656400385,0.5828700030954463,0.3375,0.2759226713532513,2078
47,1.5667,0.011231326889279438,0.5014654645476773,0.5852424147369597,0.340625,0.27768014059753954,2045
48,1.6,0.011494947275922672,0.5111681796464406,0.5829071211511802,0.34375,0.27943760984182775,2093
49,1.6333,0.011181898066783831,0.5132398084479372,0.5849688040577169,0.34375,0.281195079086116,2036
50,1.6667,0.011472978910369068,0.5159675682144567,0.5822338283804782,0.34375,0.281195079086116,2089
51,1.7,0.011429042179261863,0.5149177078327727,0.5826023212782147,0.34375,0.28471001757469244,2081
52,1.7333,0.011456502636203866,0.5118977708533078,0.5820357323996111,0.346875,0.28646748681898065,2086
53,1.7667,0.011555360281195078,0.5117365731939164,0.5784888771575775,0.35,0.28998242530755713,2104
54,1.8,0.011824472759226714,0.5074663260566651,0.5813427456844865,0.35625,0.29349736379613356,2153
55,1.8333,0.012302284710017574,0.5083691406249999,0.5784506025608838,0.3625,0.29701230228471004,2240
56,1.8667,0.012406634446397188,0.5099961266046924,0.5789643612622348,0.36875,0.29876977152899825,2259
57,1.9,0.012939367311072055,0.5149193548387097,0.5785072551552929,0.375,0.30404217926186294,2356
58,1.9333,0.013422671353251318,0.5210924713584288,0.5814447490213112,0.38125,0.3110720562390158,2444
59,1.9667,0.014268453427065026,0.5307496150885297,0.5880358150314355,0.4,0.3216168717047452,2598
60,2.0,0.146847539543058,0.4249136294786446,0.7845435910608717,0.55,0.4130052724077329,26738
61,2.0333,0.15330074692442883,0.3920087638376384,0.8321165116543072,0.6625,0.36379613356766255,27913
62,2.0667,0.14943431458699472,0.3821713403653203,0.852419412293862,0.66875,0.335676625659051,27209
63,2.1,0.1452768014059754,0.37452083018297294,0.8571463594767403,0.65625,0.3251318101933216,26452
64,2.1333,0.14245386643233743,0.35960728467884956,0.8619221908238396,0.64375,0.3163444639718805,25938
65,2.1667,0.14189367311072057,0.3395412409041647,0.8661127604674722,0.59375,0.30755711775043937,25836
66,2.2,0.14357425307557117,0.31778185008798104,0.8700682187415251,0.6,0.3022847100175747,26142
67,2.2333,0.14489784710017575,0.3082608829549331,0.873613960419605,0.6125,0.29701230228471004,26383
68,2.2667,0.1444035588752197,0.3135689632221504,0.8772639707040779,0.625,0.29173989455184535,26293
69,2.3,0.14428822495606328,0.32350577611144943,0.8811084632526239,0.64375,0.28471001757469244,26272
70,2.3333,0.15119178383128296,0.33188796360201966,0.8787177682126042,0.6625,0.29173989455184535,27529
71,2.3667,0.17136423550087873,0.3383538114543939,0.8660143456623539,0.675,0.3163444639718805,31202
72,2.4,0.19941783831282953,0.3448114328008813,0.8463487862523409,0.69375,0.351493848857645,36310
73,2.4333,0.2272462653778559,0.3565459826715325,0.8229889056913469,0.7125,0.3884007029876977,41377
74,2.4667,0.24833589630931457,0.3741338987548931,0.801035685250345,0.725,0.4165202108963093,45217
75,2.5,0.2631535588752197,0.3942270818115413,0.7832552775886267,0.7375,0.437609841827768,47915
76,2.5333,0.2749286028119508,0.412285128548313,0.7716566156680285,0.75625,0.45166959578207383,50059
77,2.5667,0.2843530316344464,0.4241539111540319,0.7672550638620704,0.76875,0.45694200351493847,51775
78,2.6,0.29345342706502636,0.42733872024255126,0.7660421695259201,0.784375,0.46221441124780316,53432
79,2.6333,0.3021199472759227,0.42724362615888023,0.7633514468850368,0.79375,0.46748681898066785,55010
80,2.6667,0.3098253514938489,0.43179010157233255,0.7579150837641438,0.80625,0.47627416520210897,56413
81,2.7,0.002328646748681898,0.007915683962264152,0.6335718075405379,0.025,0.1335676625659051,424
82,2.7333,0.008913664323374341,0.034151648182378314,0.6435900018083633,0.08125,0.140597539543058,1623
83,2.7667,0.01803602811950791,0.049257764920828256,0.6561867840881603,0.13125,0.2179261862917399,3284
84,2.8,0.0336061072056239,0.07966732717764341,0.6688854991123617,0.19375,0.2601054481546573,6119
85,2.8333,0.05355338312829525,0.11259934878474002,0.6737101814080986,0.26875,0.2688927943760984,9751
86,2.8667,0.06594354130052724,0.16189982926626134,0.6702516677807893,0.34375,0.2759226713532513,12007
87,2.9,0.06625659050966608,0.22099453953912468,0.6682692307692308,0.353125,0.2759226713532513,12064
88,2.9333,0.062456063268892796,0.26737848443545553,0.6669561782492937,0.34375,0.2741652021089631,11372
89,2.9667,0.0569804481546573,0.29215361445783133,0.6629211256272894,0.325,0.2671353251318102,10375
90,3.0,0.05451999121265378,0.30504747154225853,0.6616530904070719,0.321875,0.2618629173989455,9927
91,3.0333,0.054898945518453424,0.3118356717687075,0.6635905680374083,0.31875,0.2601054481546573,9996
92,3.0667,0.055266915641476275,0.3196788358342443,0.6601816290236187,0.31875,0.2583479789103691,10063
93,3.1,0.05357535149384886,0.32025980266529985,0.6564834941118926,0.325,0.2618629173989455,9755
94,3.1333,0.06011643233743409,0.3363094966197698,0.6472989145949584,0.3375,0.27240773286467485,10946
95,3.1667,0.06783282073813708,0.34905473241033114,0.6432538068184002,0.35625,0.28822495606326887,12351
96,3.2,0.07742750439367312,0.3615373191232799,0.6398170377031879,0.375,0.30755711775043937,14098
97,3.2333,0.08878514938488577,0.3736487844859582,0.6389155177598322,0.40625,0.3321616871704745,16166
98,3.2667,0.10131810193321616,0.38384496286860365,0.6369316995322053,0.83125,0.827768014059754,18448
99,3.3,0.12522517574692443,0.4378685419499145,0.5875965573304103,0.99375,0.836555360281195,22801
100,3.3333,0.14788554481546573,0.46922582352285813,0.5433712824943675,1.0,0.8295254833040422,26927
101,3.3667,0.1515872144112478,0.48302235426252677,0.5271824477972544,0.95,0.8014059753954306,27601
102,3.4,0.14159160808435853,0.4953871067840658,0.5220984323205281,0.84375,0.7557117750439367,25781
103,3.4333,0.12397297891036907,0.5108866233996368,0.520467902731828,1.0,0.687170474516696,22573
104,3.4667,0.10395430579964851,0.4989828230663568,0.5259830240058712,1.0,0.5676625659050967,18928
105,3.5,0.08496814586994728,0.5119465451489884,0.5390796931818349,0.89375,0.4903339191564148,15471
106,3.5333,0.07095232864674868,0.5216885014319994,0.545245888570818,0.75625,0.4358523725834798,12919
107,3.5667,0.06212104569420035,0.5222662120944214,0.5486329232364594,0.6625,0.3989455184534271,11311
108,3.6,0.060978690685413006,0.489818630099973,0.5251767006083158,0.8375,0.7135325131810193,11103
109,3.6333,0.06355997363796134,0.458703717705003,0.49146071616605946,0.759375,0.7100175746924429,11573
110,3.6667,0.06437829525483305,0.4515720973383382,0.4848000350234445,0.675,0.7100175746924429,11722
111,3.7,0.065625,0.4532594254749352,0.4873128782092493,0.60625,0.7135325131810193,11949
112,3.7333,0.0664433216168717,0.45844948545214087,0.49610518202111,0.55,0.7170474516695958,12098
113,3.7667,0.0703152460456942,0.4910575158166055,0.4878545463929739,0.775,0.7223198594024605,12803
114,3.8,0.07584028998242531,0.5257617314794699,0.4803974535340989,0.721875,0.7275922671353251,13809
115,3.8333,0.07956392794376098,0.5345842393180092,0.4807080537511178,0.646875,0.7328646748681898,14487
116,3.8667,0.08342486818980668,0.5223177254772877,0.4803788219749604,0.8625,0.7381370826010545,15190
117,3.9,0.08688488576449913,0.4993706542351454,0.4854187820360426,0.825,0.7416520210896309,15820
118,3.9333,0.08786247803163445,0.4699065898862358,0.49274404028095775,0.79375,0.7065026362038664,15998
119,3.9667,0.08603361159929701,0.4512849106287903,0.49468568899469734,0.76875,0.6608084358523726,15665
120,4.0,0.07955843585237259,0.4529150990611625,0.5063495036841825,0.74375,0.6151142355008787,14486
121,4.0333,0.07166080843585237,0.4885827808859595,0.5044163014700891,0.9625,0.5711775043936731,13048
122,4.0667,0.06745386643233743,0.5399408178635402,0.4875889645469716,0.89375,0.5272407732864675,12282
123,4.1,0.06193980667838313,0.575246608441213,0.4759085841729283,0.8375,0.4850615114235501,11278
124,4.1333,0.05281195079086116,0.5676089980241265,0.48092553711008895,0.796875,0.44639718804920914,9616
125,4.1667,0.0430085676625659,0.5429534861448091,0.49427279576304256,0.69375,0.4130052724077329,7831
126,4.2,0.03555030755711775,0.5286874324115557,0.502428771995177,0.603125,0.3866432337434095,6473
127,4.2333,0.030283391915641476,0.5202643271672107,0.5064679585372399,0.534375,0.36203866432337434,5514
128,4.2667,0.026499340949033393,0.5120116580310881,0.5105464545562163,0.48125,0.3427065026362039,4825
129,4.3,0.024791300527240774,0.508653633141338,0.5118751815285856,0.44375,0.3286467486818981,4514
130,4.3333,0.023160149384885764,0.5077187574104813,0.5165355059215087,0.4125,0.31985940246045697,4217
131,4.3667,0.023242530755711775,0.5037327209357277,0.5162632350058638,0.3875,0.3163444639718805,4232
132,4.4,0.023857644991212654,0.5033954880294659,0.5202286975631703,0.365625,0.31282952548330406,4344
133,4.4333,0.02702658172231986,0.47666188274740906,0.5099560757686741,0.7,0.43409490333919154,4921
134,4.4667,0.032771309314586994,0.46307084799731857,0.5100863772423785,0.69375,0.44815465729349735,5967
135,4.5,0.04335456942003515,0.4659401127438561,0.527071794421961,0.69375,0.4727592267135325,7894
136,4.5333,0.21045144991212653,0.2582989182911871,0.7869275274060219,0.575,0.7082601054481547,38319
137,4.5667,0.0,nan,nan,0.0,0.0,0
138,4.6,0.0,nan,nan,0.0,0.0,0
139,4.6333,0.0,nan,nan,0.0,0.0,0
140,4.6667,0.03845013181019332,0.2494375803456649,0.6373267288705179,1.0,0.5096660808435852,7001
141,4.7,0.0218695079086116,0.3413964402310397,0.4965998133957819,0.75625,0.4147627416520211,3982
142,4.7333,0.021858523725834796,0.34130967336683415,0.4965265695790022,0.75625,0.4147627416520211,3980
143,4.7667,0.021836555360281194,0.3411531690140845,0.4964651706371799,0.75625,0.4147627416520211,3976
144,4.8,0.02179811072056239,0.3408753779289494,0.496407350286336,0.75625,0.4147627416520211,3969
145,4.8333,0.021776142355008788,0.3407077553593947,0.49636826626656355,0.75625,0.4147627416520211,3965
146,4.8667,0.021770650263620385,0.3406675706357215,0.4963551577554759,0.75625,0.4147627416520211,3964
147,4.9,0.021748681898066783,0.3404995265151515,0.4963217411372069,0.75625,0.4147627416520211,3960
148,4.9333,0.02172671353251318,0.3403390419615774,0.49630425009018353,0.75625,0.4147627416520211,3956
149,4.9667,0.02172122144112478,0.3403010429835651,0.4963022047240596,0.75625,0.4147627416520211,3955
